path,bytes,sha256
benchmark/baseline_vs_mpc_full_deltas.csv,375475,27d0d09154613c01d439402dce8697977f8e3d26781445470a32d9f0ea4015ea
benchmark/baseline_vs_mpc_score.csv,10404,22fb5d5c0262c4eca81621440b90c08119196b821e4636250650c3c81a98bf2c
benchmark/benchmark_summary.md,1818,511e555d07be8d3e0491b4c38f59a468d2d35a5b3dbe3b9e4fab6c856996338a
benchmark/category_summary.csv,2732,851106bcdf9e915b710c98af1cf26f90b920befaf2efe8af8e321d8510db5779
benchmark/method_ranking.csv,13018,aec00607a280f769b18250e1c04f7389c0e50bff1b5f4c868f67da5ca737a714
benchmark/motion_failures.csv,14101,33bdcf788c71ca85c2c7a799e0124f57b29c62290d9e50043de4535e18f61f14
benchmark/runtime_summary.csv,27825,9edec87dd437564d59f4f37dad180c69008e0885fad162e3d1a401b16d312cad
input_motions/bench_data.yaml,10452,360f9084eafc8598e2685d71cf429c1d9851ee9a814e3f83361284e78d7305c6
logs/eval/acrobatics_parkour__sonic_filtered_230509__burpee_001_a359/best_s128.log,694579,fa2d12f8dcf4480d7bd6fe56418980f392bb6387c52745cf9bb5d4219217253f
logs/eval/acrobatics_parkour__sonic_filtered_230509__burpee_001_a359/no_mpc_baseline.log,6045,122a352882fb85de3086ebbf32040206bae6834dadff4b666c5f3ad7a45ff28d
logs/eval/acrobatics_parkour__sonic_filtered_230509__burpee_001_a359/sweetpoint.log,693305,d744ae1442a48173c3f1a3255b207e1bda6b40faa7a635c840bf632693b7cff2
logs/eval/animal_insect_interaction__sonic_filtered_231110__big_fish_catch_r_002_a500/best_s128.log,1400098,ae13882745c100fbc8ed37b1a0157254619862e82c2500520030befbfe2f756f
logs/eval/animal_insect_interaction__sonic_filtered_231110__big_fish_catch_r_002_a500/no_mpc_baseline.log,6052,e00e731e6bd123278e0e406ca1cf34777260a9f46d6d7e95263fc9c6db8c61ab
logs/eval/animal_insect_interaction__sonic_filtered_231110__big_fish_catch_r_002_a500/sweetpoint.log,1431177,6ff1ab5f9e3f23edc7630f58b985739e47df188070b304a2ed9066decca9b1e0
logs/eval/carrying_relocation__sonic_filtered_231120__big_heavy_one_hand_behind_high_to_behind_high_r_001_a524/best_s128.log,650840,4853c44d5846d51a4235eba5ce79042010edc6f8f46a43ad8df9f164dcc40e86
logs/eval/carrying_relocation__sonic_filtered_231120__big_heavy_one_hand_behind_high_to_behind_high_r_001_a524/no_mpc_baseline.log,6127,00639371bf96486bd9342c86c19d14c841dc869b7e538fc1b70035e3d5975e93
logs/eval/carrying_relocation__sonic_filtered_231120__big_heavy_one_hand_behind_high_to_behind_high_r_001_a524/sweetpoint.log,654641,42fb4ddb380c450cbfb1b3e3ac590819a98af66e70a9d4e0b58b0e0e6007af74
logs/eval/combat_defense_threat__amass_lafan_qingtong_lafan_qingtong__fight1_subject3_612_680/best_s128.log,199055,bdd99b04d7ee5759f4851740ef5de436de4b5d2a49cb814aa4f5658ff557b75b
logs/eval/combat_defense_threat__amass_lafan_qingtong_lafan_qingtong__fight1_subject3_612_680/no_mpc_baseline.log,6058,1ccd0665ac2fce89f9654e5a15c5a05cf35e646d4aeec97240cb44bed707ee0f
logs/eval/combat_defense_threat__amass_lafan_qingtong_lafan_qingtong__fight1_subject3_612_680/sweetpoint.log,205984,036169e2771a47e67698222e4f957fe37faca1aec4b5fd8fe71d598f54075ccb
logs/eval/combat_defense_threat__sonic_filtered_211117__relaxed_kick_trash_001_a057/best_s128.log,555561,01219128a10728b1587a0c323397cbaa4ec8ebf925e4422d0058acc3e13889b0
logs/eval/combat_defense_threat__sonic_filtered_211117__relaxed_kick_trash_001_a057/no_mpc_baseline.log,6055,a9a24eca1fbd9795867849274c4b19be541f7e9b935684c88aa3a065349221e0
logs/eval/combat_defense_threat__sonic_filtered_211117__relaxed_kick_trash_001_a057/sweetpoint.log,567836,aaa96f3164d337ace7a94f0ffc2f16248be3f60577e1719f937da7705202588f
logs/eval/crawl_climb__sonic_filtered_230119__change_idle_crawl_to_idle_crawl_right_001_a125/best_s128.log,234849,5bc7efeb2a9b171add6bf5ada9ee68fda4f94d1e5c0f0c65cf2868b92226bb99
logs/eval/crawl_climb__sonic_filtered_230119__change_idle_crawl_to_idle_crawl_right_001_a125/no_mpc_baseline.log,6134,d6e805895d18a559fa732154f1cef62315dd1f346e57d852c8bfce357317fc66
logs/eval/crawl_climb__sonic_filtered_230119__change_idle_crawl_to_idle_crawl_right_001_a125/sweetpoint.log,235109,68771fbdf70340e5babe57b7f9dd5e3c1227acd3a9ac5640f5d1692af9d497ba
logs/eval/dance__amass_lafan_qingtong_amass_filtered_0_05_40k_segmented_2k_origin_interp10_npz_dancedb_20120805_vasoaristeidou_vaso_aristeidou_zeimpekiko_v1_poses_motion_seg2__motion/best_s128.log,1831100,59b6951e16fb8ad7bc6b6d4bd875c6e04bf267c09e2863a54c8a634ba95d8d07
logs/eval/dance__amass_lafan_qingtong_amass_filtered_0_05_40k_segmented_2k_origin_interp10_npz_dancedb_20120805_vasoaristeidou_vaso_aristeidou_zeimpekiko_v1_poses_motion_seg2__motion/no_mpc_baseline.log,6379,1560248ba7c01fbeb116373d40afb6146e365a1368ca42d7eeeeba47b31a1386
logs/eval/dance__amass_lafan_qingtong_amass_filtered_0_05_40k_segmented_2k_origin_interp10_npz_dancedb_20120805_vasoaristeidou_vaso_aristeidou_zeimpekiko_v1_poses_motion_seg2__motion/sweetpoint.log,1833422,93abed46977204583c3ebe8f4a34bd55fecf31f1b78dc21aa79cc6904d2c174a
logs/eval/dance__sonic_filtered_230411__dance_basic_chaines_180_r_001_a306/best_s128.log,241681,7687a83e7b862e36c71478c777da5c1591e87467bab51c4432b6822ff5d8de12
logs/eval/dance__sonic_filtered_230411__dance_basic_chaines_180_r_001_a306/no_mpc_baseline.log,6062,944f91b0a548b3ba9c54f43bc3b07dd6d4e7bef0d08d326725bd57dd760ab270
logs/eval/dance__sonic_filtered_230411__dance_basic_chaines_180_r_001_a306/sweetpoint.log,246787,eae00a46f065f238d7ed0e383528bedbd65c42ce9812522c968b0474c7d2c68a
logs/eval/exercise_stretch_warmup__sonic_filtered_220720__body_stretch_1_001_a029/best_s128.log,896737,c983ac852e7ff02dc1838d1e67bd1577f3019aaabd6730cf0fce9799815f324d
logs/eval/exercise_stretch_warmup__sonic_filtered_220720__body_stretch_1_001_a029/no_mpc_baseline.log,6043,53dadada143c20752892a88312b7c6cb65d812221f6860008df10dfc79647c20
logs/eval/exercise_stretch_warmup__sonic_filtered_220720__body_stretch_1_001_a029/sweetpoint.log,907179,c9d4cdfd595a14758628b8a9eb0fcf2ff132649d933591b64a6d2f264849095c
logs/eval/gesture_emotion_social__amass_lafan_qingtong_amass_filtered_0_05_40k_segmented_2k_origin_interp10_npz_accad_female1gestures_c3d_d3_conversation_gestures_poses_motion_seg2__motion/best_s128.log,1377035,985bb9fc97f748906fb54e272723986ecf90fd45ad3be3e8b490675e8ecf16eb
logs/eval/gesture_emotion_social__amass_lafan_qingtong_amass_filtered_0_05_40k_segmented_2k_origin_interp10_npz_accad_female1gestures_c3d_d3_conversation_gestures_poses_motion_seg2__motion/no_mpc_baseline.log,6368,fd27690f4b7303e86a3c07b0925ed68f99a6c38379130d855ac15d1fc79a4293
logs/eval/gesture_emotion_social__amass_lafan_qingtong_amass_filtered_0_05_40k_segmented_2k_origin_interp10_npz_accad_female1gestures_c3d_d3_conversation_gestures_poses_motion_seg2__motion/sweetpoint.log,1400192,33abf49be08c5aa69cb8a21527076eee96df10af5ded62b177dfbc0acc1156e7
logs/eval/gesture_emotion_social__sonic_filtered_230103__alone_006_a097/best_s128.log,335729,d0fb5e4406de996e867e628e24691bd2f2156b063f4e376f8ca696265ca9ba9b
logs/eval/gesture_emotion_social__sonic_filtered_230103__alone_006_a097/no_mpc_baseline.log,5928,d72120faef475cc36c816c6d912d093cab897a789b0573bf3b722c106e4ef89d
logs/eval/gesture_emotion_social__sonic_filtered_230103__alone_006_a097/sweetpoint.log,339318,f6360fae42be3d10cd2370f1fe37d135406887b8b42b8afe633f5724b6906511
logs/eval/idle_pose_transition__amass_lafan_qingtong_amass_filtered_0_05_40k_segmented_2k_origin_interp10_npz_biomotionlab_ntroje_rub029_0031_rom_poses_motion_seg2__motion/best_s128.log,1587023,5e3d089f35c8d9cacc28cb3057830418b2e31e4bb2b84927b258e421ca8cdf7d
logs/eval/idle_pose_transition__amass_lafan_qingtong_amass_filtered_0_05_40k_segmented_2k_origin_interp10_npz_biomotionlab_ntroje_rub029_0031_rom_poses_motion_seg2__motion/no_mpc_baseline.log,6310,4f8087d64871bef575e087c611d2523c0d7b5d91e32548c114267d4671e47786
logs/eval/idle_pose_transition__amass_lafan_qingtong_amass_filtered_0_05_40k_segmented_2k_origin_interp10_npz_biomotionlab_ntroje_rub029_0031_rom_poses_motion_seg2__motion/sweetpoint.log,1608602,1376f0814f33ad6a38b9fbf59d2088cb964f4bc73f810a31ab8fb62129b80d84
logs/eval/jump_hop__sonic_filtered_220705__jump_002_a017/best_s128.log,2002661,a4dec30b937f5478c99894c5b1c8518c94a9888ea397bd1c4c8f6b9ad127702b
logs/eval/jump_hop__sonic_filtered_220705__jump_002_a017/no_mpc_baseline.log,6006,ac58d2ef5b45bf5e4fcabbafd4199af85d592b948bcee63e6325e14e80f4f9be
logs/eval/jump_hop__sonic_filtered_220705__jump_002_a017/sweetpoint.log,2060010,4ffd772ec8b8ecfb0b55b4947370c6bf430f2c9d28e77d56680f10eb192d78b9
logs/eval/locomotion_run_jog_sprint__amass_lafan_qingtong_amass_filtered_0_05_40k_segmented_2k_origin_interp10_npz_biomotionlab_ntroje_rub006_0024_scamper_poses_motion_seg2__motion/best_s128.log,1467512,68e1c505d12c59ca798e7bbdeba256df0f526985fcd55ad8acbb3d1fba15c923
logs/eval/locomotion_run_jog_sprint__amass_lafan_qingtong_amass_filtered_0_05_40k_segmented_2k_origin_interp10_npz_biomotionlab_ntroje_rub006_0024_scamper_poses_motion_seg2__motion/no_mpc_baseline.log,6425,fb0df4d99ecfeaaae2ae61ef2773ae73fb4ad02ad24873d57d5213bc78f27f80
logs/eval/locomotion_run_jog_sprint__amass_lafan_qingtong_amass_filtered_0_05_40k_segmented_2k_origin_interp10_npz_biomotionlab_ntroje_rub006_0024_scamper_poses_motion_seg2__motion/sweetpoint.log,1480929,f6b0beef1b5291187c52b5a5a722f84c2b98d727103de1b9d703889411146bc0
logs/eval/mechanical_operation__sonic_filtered_231115__door_knob_right_side_peep_r_001_a512/best_s128.log,321926,d207f7fef7e4bc73ff6b6bb26d3e3eedb478be5ec3c97efa1a4ee69421c072fd
logs/eval/mechanical_operation__sonic_filtered_231115__door_knob_right_side_peep_r_001_a512/no_mpc_baseline.log,6075,afd8c60597516199bcecaf5173eadac9cf39f32d8b59c9eeae5fb6585e56d363
logs/eval/mechanical_operation__sonic_filtered_231115__door_knob_right_side_peep_r_001_a512/sweetpoint.log,325133,0726026d2443dee86e5e42f034cf984ccd37c74c747ef48ee7526eab77cd64a2
logs/eval/music_performance__sonic_filtered_231004__catch_playing_r_003_a456/best_s128.log,922566,29343bd3cab9c3d86814aef60028fc67a800533440570935e873272a01a2a743
logs/eval/music_performance__sonic_filtered_231004__catch_playing_r_003_a456/no_mpc_baseline.log,5948,b063d6079346c3a4f0be010d09d13d9ce050b3d220101174b9936fa2f06f0f6c
logs/eval/music_performance__sonic_filtered_231004__catch_playing_r_003_a456/sweetpoint.log,932472,5aac5f38296c59083bcec28e8065a20415b0445e3bdc225155c98e617bb0b926
logs/eval/object_interaction_daily__sonic_filtered_231005__avoid_bump_push_r_003_a460/best_s128.log,626790,f78b5c361344874c3ef94bcc23d8bc6b3c2be925c385680afc2ce6b42dc54cac
logs/eval/object_interaction_daily__sonic_filtered_231005__avoid_bump_push_r_003_a460/no_mpc_baseline.log,6045,3fcddda2840d0af5837896699f16c42a76c17dec1c453065fee3a7d43a8290db
logs/eval/object_interaction_daily__sonic_filtered_231005__avoid_bump_push_r_003_a460/sweetpoint.log,642640,9f67d83a5026ac70f4314efa7aa37fdc87128524df529bbf2e7c77e26ef4720a
logs/eval/other_or_uncategorized__amass_lafan_qingtong_amass_filtered_0_05_40k_segmented_2k_origin_interp10_npz_cmu_06_06_13_poses_motion_seg2__motion/best_s128.log,1187345,87f90f16e9d629bf44a7b75dfc023d918c687a6f254442f294630e734ae0f8b6
logs/eval/other_or_uncategorized__amass_lafan_qingtong_amass_filtered_0_05_40k_segmented_2k_origin_interp10_npz_cmu_06_06_13_poses_motion_seg2__motion/no_mpc_baseline.log,6246,9eb462d03fc163df71b212652ce25f6759c93eee978e268016e052bcee1dcd5e
logs/eval/other_or_uncategorized__amass_lafan_qingtong_amass_filtered_0_05_40k_segmented_2k_origin_interp10_npz_cmu_06_06_13_poses_motion_seg2__motion/sweetpoint.log,1199304,57be7ce6fd7f89807552628de84adc51362f77c18a51895ff3affa1f75146ba6
logs/eval/other_or_uncategorized__sonic_filtered_231117__rom_box_01_box_02_box_03_box_04_002_a520/best_s128.log,376234,98f3bc5794f94382d982cba3f5f4f2d0f7556920ae7763f73e008d709a9e03a4
logs/eval/other_or_uncategorized__sonic_filtered_231117__rom_box_01_box_02_box_03_box_04_002_a520/no_mpc_baseline.log,6010,bd0f5c9a8de0bb60a10bd2e8839718b535d1a32d09fab82fe08f67c23c94eeaf
logs/eval/other_or_uncategorized__sonic_filtered_231117__rom_box_01_box_02_box_03_box_04_002_a520/sweetpoint.log,378068,a9731376419a6bb4336b7b5676dc8411799ee6c87d4657d997d4447cef8a184b
logs/eval/phone_social_scene__sonic_filtered_230713__cellphone_record_sequence_fast_r_001_a428/best_s128.log,920147,1cb621dbbe3c616b412aa754e25bb24302b0ba191f0c972474f4acfc2c549b3e
logs/eval/phone_social_scene__sonic_filtered_230713__cellphone_record_sequence_fast_r_001_a428/no_mpc_baseline.log,6078,ff3cc802ad69d66cfef5e4a66e33815d703fbe02c71f2d8a8e5ac2e984613e5e
logs/eval/phone_social_scene__sonic_filtered_230713__cellphone_record_sequence_fast_r_001_a428/sweetpoint.log,947027,f70337140e78ad93011f5d39a2bcd361ed234e869a818ae19fcee35b3df34dff
logs/eval/self_touch_discomfort__sonic_filtered_221010__chefs_kiss_r_001_a045/best_s128.log,151111,24e1761abfa58a0448382a664fec8d1e964f997cd69e2fc6e7b72cdc3a300284
logs/eval/self_touch_discomfort__sonic_filtered_221010__chefs_kiss_r_001_a045/no_mpc_baseline.log,5946,9b05eefa7941dfa2ce5f4408737cef5339f4bc4a6bcd0aed2a3b1f3c374150dd
logs/eval/self_touch_discomfort__sonic_filtered_221010__chefs_kiss_r_001_a045/sweetpoint.log,152864,0ab1d32c8cbb200679f6aa1821a4a5b8229a2abecf895028c98df641789139fd
logs/eval/sports_play__sonic_filtered_240327__play_tennis_r_002_a533/best_s128.log,704615,95abcbd49d801f23ac71c07298fc94fb3071ec50d76ebbcd6ddba67263d6ed22
logs/eval/sports_play__sonic_filtered_240327__play_tennis_r_002_a533/no_mpc_baseline.log,6025,da34d19862167709fd71d5447d3e795d3553dd668ac7a4fc253d90534162cc4c
logs/eval/sports_play__sonic_filtered_240327__play_tennis_r_002_a533/sweetpoint.log,710532,ca36cdb0e36825c1c0ce9b0db1355b46e48d307d10666962e3a77485b0c1ea0a
logs/eval/tool_work_operation__amass_lafan_qingtong_amass_filtered_0_05_40k_segmented_2k_origin_interp10_npz_kit_1347_experiment3_subject1347_wash_leg_position_smallcircles_02_poses_motion_seg2__motion/best_s128.log,1107609,cd19b86a91aa5b5336f4c1b5926f9afd0f7ba200fccb02e63be26347db2b12d3
logs/eval/tool_work_operation__amass_lafan_qingtong_amass_filtered_0_05_40k_segmented_2k_origin_interp10_npz_kit_1347_experiment3_subject1347_wash_leg_position_smallcircles_02_poses_motion_seg2__motion/no_mpc_baseline.log,6407,79609ba75ff09eee12b4ba8720d617c30a9fec1e9c4a9ac73073cb617161b83a
logs/eval/tool_work_operation__amass_lafan_qingtong_amass_filtered_0_05_40k_segmented_2k_origin_interp10_npz_kit_1347_experiment3_subject1347_wash_leg_position_smallcircles_02_poses_motion_seg2__motion/sweetpoint.log,1123988,ee65f4ee43b242ee227ccd67bcea533972e00802c4ca8707b2a2bac31efe5b84
logs/eval/tool_work_operation__sonic_filtered_230427__axe_cutting_tree_horizontal_r_004_a355/best_s128.log,546815,94ad578d0140c4d4cec12327e37f5817aa78cfffe7d47e6e0697e380f9c463ec
logs/eval/tool_work_operation__sonic_filtered_230427__axe_cutting_tree_horizontal_r_004_a355/no_mpc_baseline.log,6077,44ad725a9b84905c4a1179e297bbc928961e72919df3ccc7e2608c8f7c206f7e
logs/eval/tool_work_operation__sonic_filtered_230427__axe_cutting_tree_horizontal_r_004_a355/sweetpoint.log,551950,3cb38a922555cfe3685b1d8ac39206092833983de281767e4d5ea4194c435575
logs/eval/turn_step_balance__sonic_filtered_220705__step_rotate_reaction_idle_0135_001_a017/best_s128.log,2803994,3a85f97850ea71e31531d4c9cb4ba7c45a6a9e0d2d06930cf655d64f163bef7c
logs/eval/turn_step_balance__sonic_filtered_220705__step_rotate_reaction_idle_0135_001_a017/no_mpc_baseline.log,6080,3bce2b3c6273d9a0b2be11ecb1a4e60a91a5304e0d279be84168d042709145ba
logs/eval/turn_step_balance__sonic_filtered_220705__step_rotate_reaction_idle_0135_001_a017/sweetpoint.log,2846277,6ee8b8587c949ebe0dcecfe6c044c92e2a33d0e062defd339963eff73b402bab
logs/eval/vehicle_riding__sonic_filtered_230509__ab_bicycle_001_a359/best_s128.log,606113,a83953d4692947c296badabbc88ef82e6dc3cd78b79f13a5a7abfa142ebf22f9
logs/eval/vehicle_riding__sonic_filtered_230509__ab_bicycle_001_a359/no_mpc_baseline.log,6046,1ee05d3616250b7ad56c7082077940ac4404459cb716275cb9f50d2d1068ce31
logs/eval/vehicle_riding__sonic_filtered_230509__ab_bicycle_001_a359/sweetpoint.log,611891,6cdfd455a56eeac11ca71a6a10e687d81c78d190778c8bc48e8a9280c23b9837
metadata/bench_data_sources.csv,11625,f4fcd3b8cb740a259fa77c838642ed00893331f4f11cd8dcc34d1a39b3071edf
metadata/benchmark_config.json,3856,6c8ef7096925bec9f686adcc2b97d8d571fb1d48fc8d417b649a7b0d64d13e95
metadata/eval_commands.sh,121203,e2514829590aef534fc9ac35db599e837cf20707669a432fa724d4f53b53f181
metadata/manifest.sha256,56586,d3928ef255d83df232ba7fda0203349725010df6844c06dcb16cc94f566ffe00
metadata/package_summary.json,429,2f7790558e4a3ab37161e335ba485dcbf6785f9d47a1fef88ef6dc0a5a8c286c
metadata/render_commands.sh,38,7269fdd881f2a8fff804aed9d18e4487c2978912720204045ead0a0c5472b25f
outputs/best_s128/acrobatics_parkour__sonic_filtered_230509__burpee_001_a359/metrics.json,688539,e38c123dda4e86da0ef0419f4b72b32732b3f4febb1b6a7978ccdde222523b44
outputs/best_s128/acrobatics_parkour__sonic_filtered_230509__burpee_001_a359/mpc_command.npz,867478,fcad38383bfa0a39a76ee6dac6a61de07f94bdb903905b5edae24586dfc51835
outputs/best_s128/acrobatics_parkour__sonic_filtered_230509__burpee_001_a359/rollout.npz,1210791,9116c1dc8912460814a3b54c31f3a08af9b50e8595c09c100390df1ecd762151
outputs/best_s128/animal_insect_interaction__sonic_filtered_231110__big_fish_catch_r_002_a500/metrics.json,1392476,3d2d998b8e0ebf38ce18460e43ef3a0a656875d3277f17810d8d021749a4bba9
outputs/best_s128/animal_insect_interaction__sonic_filtered_231110__big_fish_catch_r_002_a500/mpc_command.npz,1811210,f10d9baa9fc72df06aeb9ff2654a933845d9b0ab91e9dbb125cf0097002e4841
outputs/best_s128/animal_insect_interaction__sonic_filtered_231110__big_fish_catch_r_002_a500/rollout.npz,2543319,cf271e7b37ead0d014fe6017d2d48aaa8e528f1819095668feca9a68ffd687e6
outputs/best_s128/carrying_relocation__sonic_filtered_231120__big_heavy_one_hand_behind_high_to_behind_high_r_001_a524/metrics.json,644759,a96acd85fc08c09738372f349ec4d31085885b16069f75314a1c02715e02e02f
outputs/best_s128/carrying_relocation__sonic_filtered_231120__big_heavy_one_hand_behind_high_to_behind_high_r_001_a524/mpc_command.npz,844585,191116b82b432bf0655ee3fc18a96d5565fcd66536fd2dab0d2bc3299e93156d
outputs/best_s128/carrying_relocation__sonic_filtered_231120__big_heavy_one_hand_behind_high_to_behind_high_r_001_a524/rollout.npz,1180532,145e690805b5fd343eabbc89a0d55cd39ec31685247c416b23e50b5921ba1f1d
outputs/best_s128/combat_defense_threat__amass_lafan_qingtong_lafan_qingtong__fight1_subject3_612_680/metrics.json,193935,c8895e3e5c228bd62ec8b231c01195fa68abf0f8d38b24fd047376bb81721a3c
outputs/best_s128/combat_defense_threat__amass_lafan_qingtong_lafan_qingtong__fight1_subject3_612_680/mpc_command.npz,232860,ae7f00a092be62cff166acc28a65d7ddbd7f8e182d4dd895a8c71440be34ae06
outputs/best_s128/combat_defense_threat__amass_lafan_qingtong_lafan_qingtong__fight1_subject3_612_680/rollout.npz,326352,57874b00a26f005083e9f9d800bae8486fbb58ede32d11480a7d27262bdc5683
outputs/best_s128/combat_defense_threat__sonic_filtered_211117__relaxed_kick_trash_001_a057/metrics.json,549746,51d7d8bc106e2ec5e81ffa605b032fa2d74094d7c995d0418a2fe9663466210c
outputs/best_s128/combat_defense_threat__sonic_filtered_211117__relaxed_kick_trash_001_a057/mpc_command.npz,711141,0779ec62a5aca7a51d86d84afb0c7196290557cccb86b687392af90fe7e7bd63
outputs/best_s128/combat_defense_threat__sonic_filtered_211117__relaxed_kick_trash_001_a057/rollout.npz,989666,3a3587ed0f6093d9f648ce45d1e0cabb8be6310da7a3874da503e9060669d980
outputs/best_s128/crawl_climb__sonic_filtered_230119__change_idle_crawl_to_idle_crawl_right_001_a125/metrics.json,229636,4a42ad8cd210826c473ba603d2b794ff4616df7c8e4c5ee4ee9ed74dd5d93f9c
outputs/best_s128/crawl_climb__sonic_filtered_230119__change_idle_crawl_to_idle_crawl_right_001_a125/mpc_command.npz,299478,18fed10f6ede61c5493a24c9ad0dfae5b7b9d9567f8a66034071530eb21f9f11
outputs/best_s128/crawl_climb__sonic_filtered_230119__change_idle_crawl_to_idle_crawl_right_001_a125/rollout.npz,418530,31293d56b45bfc1af74caaf8eb8d60897825a562024ef47fbeff5cf37542006d
outputs/best_s128/dance__amass_lafan_qingtong_amass_filtered_0_05_40k_segmented_2k_origin_interp10_npz_dancedb_20120805_vasoaristeidou_vaso_aristeidou_zeimpekiko_v1_poses_motion_seg2__motion/metrics.json,1822473,ba73decb2f56260fe8a33c6f9a596397be7b3f4de1d5d571aae2c2cd250835e0
outputs/best_s128/dance__amass_lafan_qingtong_amass_filtered_0_05_40k_segmented_2k_origin_interp10_npz_dancedb_20120805_vasoaristeidou_vaso_aristeidou_zeimpekiko_v1_poses_motion_seg2__motion/mpc_command.npz,2316644,bbe4bba8151c1cea7c793ddd1fbc0c667a3ddcc80741913ec57050fa9d1187aa
outputs/best_s128/dance__amass_lafan_qingtong_amass_filtered_0_05_40k_segmented_2k_origin_interp10_npz_dancedb_20120805_vasoaristeidou_vaso_aristeidou_zeimpekiko_v1_poses_motion_seg2__motion/rollout.npz,3231385,0fdcf3bc1f169882568f68c4024b40f2ae2625da6b259e9ac2a3e9345ef3b01f
outputs/best_s128/dance__sonic_filtered_230411__dance_basic_chaines_180_r_001_a306/metrics.json,236498,3f25d503589dddc932268e648827bc080999d2d65b48ecebe5a8bf1379fb26d2
outputs/best_s128/dance__sonic_filtered_230411__dance_basic_chaines_180_r_001_a306/mpc_command.npz,284346,08e399bdeb18edb738c3d866c2f366b4eb7304c331a4dc4db5daa41d3d82c2ac
outputs/best_s128/dance__sonic_filtered_230411__dance_basic_chaines_180_r_001_a306/rollout.npz,395417,4ea0b85985ffafa2a0ee0d08450c82ded35b6fb2f91232919fe53332742f869c
outputs/best_s128/exercise_stretch_warmup__sonic_filtered_220720__body_stretch_1_001_a029/metrics.json,890214,8280d4aa3413fad6464a8aea0a2de3449ea07a1ca7d5d85d3c2639fbd5abc19c
outputs/best_s128/exercise_stretch_warmup__sonic_filtered_220720__body_stretch_1_001_a029/mpc_command.npz,1161334,11fb721c5d1c00525d78095e24272ddaed93afe5c37b9800598b75b2a76c714d
outputs/best_s128/exercise_stretch_warmup__sonic_filtered_220720__body_stretch_1_001_a029/rollout.npz,1628649,a9558c5078f7d7c3eafd30bbe020ab6326d21587801ba863e5c0757f30fe3e01
outputs/best_s128/gesture_emotion_social__amass_lafan_qingtong_amass_filtered_0_05_40k_segmented_2k_origin_interp10_npz_accad_female1gestures_c3d_d3_conversation_gestures_poses_motion_seg2__motion/metrics.json,1369201,22659749e760ce6a837eefb4a2d6dfb81ba7b70f90ca8193944eb7f92c38e3c2
outputs/best_s128/gesture_emotion_social__amass_lafan_qingtong_amass_filtered_0_05_40k_segmented_2k_origin_interp10_npz_accad_female1gestures_c3d_d3_conversation_gestures_poses_motion_seg2__motion/mpc_command.npz,1830905,996db602937191b821f00102db5e8b1772c6adcef5dde1baf9e7fcc53c4cb36d
outputs/best_s128/gesture_emotion_social__amass_lafan_qingtong_amass_filtered_0_05_40k_segmented_2k_origin_interp10_npz_accad_female1gestures_c3d_d3_conversation_gestures_poses_motion_seg2__motion/rollout.npz,2561557,0f0bcc4b2f29a10fdc209605c3ddbee3d3805795d37413465c31f8445751afb9
outputs/best_s128/gesture_emotion_social__sonic_filtered_230103__alone_006_a097/metrics.json,330359,4d86d01f5852725876863bf097dc760b113af79242944e833d917f5ba81a2658
outputs/best_s128/gesture_emotion_social__sonic_filtered_230103__alone_006_a097/mpc_command.npz,424811,b7ab8aa0772455ba5c39276ae43d71224dd89e66c49020482c10735953b11550
outputs/best_s128/gesture_emotion_social__sonic_filtered_230103__alone_006_a097/rollout.npz,594195,88d75b22e4e1f9d84657c1685cfae7a6c1c67479671c55a642abc942d17c6d39
outputs/best_s128/idle_pose_transition__amass_lafan_qingtong_amass_filtered_0_05_40k_segmented_2k_origin_interp10_npz_biomotionlab_ntroje_rub029_0031_rom_poses_motion_seg2__motion/metrics.json,1578829,2e5e8682fcfe01de5d495dd51bf91616226ad6e79bf53268a8766989d6cbe9b3
outputs/best_s128/idle_pose_transition__amass_lafan_qingtong_amass_filtered_0_05_40k_segmented_2k_origin_interp10_npz_biomotionlab_ntroje_rub029_0031_rom_poses_motion_seg2__motion/mpc_command.npz,2069442,726826c86066d8090a8e205cb49309ae4697726886ec6076771c776c340a6cc4
outputs/best_s128/idle_pose_transition__amass_lafan_qingtong_amass_filtered_0_05_40k_segmented_2k_origin_interp10_npz_biomotionlab_ntroje_rub029_0031_rom_poses_motion_seg2__motion/rollout.npz,2885433,bade19f9c099d0ba52f0d2001814603dddcc273f746d01ebec2050e2ea8b95bd
outputs/best_s128/jump_hop__sonic_filtered_220705__jump_002_a017/metrics.json,1993760,680efea7e9c1e6417db0226618d12e7ec2a94d9bd65f01b00dc7167c38fcaafa
outputs/best_s128/jump_hop__sonic_filtered_220705__jump_002_a017/mpc_command.npz,2668038,863d77edc8868fb8cafb1136393cf1adc540ada8d313748205036fe928200010
outputs/best_s128/jump_hop__sonic_filtered_220705__jump_002_a017/rollout.npz,3720862,1153a0af95292dd34b387a5915fa9367556aecabe0dba0fa0e6739037a042670
outputs/best_s128/locomotion_run_jog_sprint__amass_lafan_qingtong_amass_filtered_0_05_40k_segmented_2k_origin_interp10_npz_biomotionlab_ntroje_rub006_0024_scamper_poses_motion_seg2__motion/metrics.json,1459569,7c8d68fd0e916cb3310bb39288d9d1ca54e09227a939777183bbdf641f363184
outputs/best_s128/locomotion_run_jog_sprint__amass_lafan_qingtong_amass_filtered_0_05_40k_segmented_2k_origin_interp10_npz_biomotionlab_ntroje_rub006_0024_scamper_poses_motion_seg2__motion/mpc_command.npz,1908584,a54db73598090a463df097a465bccedbf442b17dbd7f9c5cbf46a53c783ea94c
outputs/best_s128/locomotion_run_jog_sprint__amass_lafan_qingtong_amass_filtered_0_05_40k_segmented_2k_origin_interp10_npz_biomotionlab_ntroje_rub006_0024_scamper_poses_motion_seg2__motion/rollout.npz,2682176,e88f87bc826c459f479baef5f9a2850fba02cfcb024d5de0fc6d681ae8598326
outputs/best_s128/mechanical_operation__sonic_filtered_231115__door_knob_right_side_peep_r_001_a512/metrics.json,316556,6d235cefe4b485c78632652f9663841a75161dc22976c1072739c5e51e8f0449
outputs/best_s128/mechanical_operation__sonic_filtered_231115__door_knob_right_side_peep_r_001_a512/mpc_command.npz,397475,d2a5d92318424e51edfda1db9e3340b70b86ef2019ab754dde9b187def705316
outputs/best_s128/mechanical_operation__sonic_filtered_231115__door_knob_right_side_peep_r_001_a512/rollout.npz,555665,5eb2dbd566e524e56946f11173eb3e34e44822fd6e0439bfcd35a4214171d8f4
outputs/best_s128/music_performance__sonic_filtered_231004__catch_playing_r_003_a456/metrics.json,915963,f3959a2f3926d77749cf350f55c6728db951c14646e508fed9bc9ace5f25c47b
outputs/best_s128/music_performance__sonic_filtered_231004__catch_playing_r_003_a456/mpc_command.npz,1244311,06d2fc1f11af1c021bc7b756b435eace3a41dbe96164504ccc395f3691b928c9
outputs/best_s128/music_performance__sonic_filtered_231004__catch_playing_r_003_a456/rollout.npz,1736464,0ff235db7214bdafa28d3340cb095a6ec27676453f2bb331273ee6cc8cac5100
outputs/best_s128/object_interaction_daily__sonic_filtered_231005__avoid_bump_push_r_003_a460/metrics.json,620806,ba9da21136849841e0f3d9db8aa945c708ccfaca0355f022795fc2f587ccf0d4
outputs/best_s128/object_interaction_daily__sonic_filtered_231005__avoid_bump_push_r_003_a460/mpc_command.npz,795832,2f4d644377d82fee566cab94eb0836816a209c986c54d04b4b07316104505088
outputs/best_s128/object_interaction_daily__sonic_filtered_231005__avoid_bump_push_r_003_a460/rollout.npz,1112575,377e5c064f245ef7b03e4c49f1c2d2e5069b4462d5586c3344bd27c5b7986f6a
outputs/best_s128/other_or_uncategorized__amass_lafan_qingtong_amass_filtered_0_05_40k_segmented_2k_origin_interp10_npz_cmu_06_06_13_poses_motion_seg2__motion/metrics.json,1180119,90b75a1bd3c8b0860a49f80f3d85042383a730043c8cf56f0ec8cd64c406ca5f
outputs/best_s128/other_or_uncategorized__amass_lafan_qingtong_amass_filtered_0_05_40k_segmented_2k_origin_interp10_npz_cmu_06_06_13_poses_motion_seg2__motion/mpc_command.npz,1491897,42094c524e90a4cf998c36e89a0c1cc523a54ef79299417fd9b7a3c8d78dcfd5
outputs/best_s128/other_or_uncategorized__amass_lafan_qingtong_amass_filtered_0_05_40k_segmented_2k_origin_interp10_npz_cmu_06_06_13_poses_motion_seg2__motion/rollout.npz,2081256,8efdb39649a9bc081aac033dc41f2f33ca641905b780eb12901e512bfab2e05e
outputs/best_s128/other_or_uncategorized__sonic_filtered_231117__rom_box_01_box_02_box_03_box_04_002_a520/metrics.json,370728,9ab3f7c58245838ed45260f34ac0745936ce4bed731a92ee2dbb989d0eabc69a
outputs/best_s128/other_or_uncategorized__sonic_filtered_231117__rom_box_01_box_02_box_03_box_04_002_a520/mpc_command.npz,479735,4b2e4f86b8f8d0b0bbea40c921bc8d1a247f71b09cd902280e442cf5a5007307
outputs/best_s128/other_or_uncategorized__sonic_filtered_231117__rom_box_01_box_02_box_03_box_04_002_a520/rollout.npz,669924,edf1e9e2e169e5571ad56e24cba6a258cba602621ab78fcb4e631904e3c7d2b7
outputs/best_s128/phone_social_scene__sonic_filtered_230713__cellphone_record_sequence_fast_r_001_a428/metrics.json,913551,5986651414a6fa947d07fe5f9baecb1df906cd8f864fd6271c7479c38230e986
outputs/best_s128/phone_social_scene__sonic_filtered_230713__cellphone_record_sequence_fast_r_001_a428/mpc_command.npz,1182012,7dd390e2861e6c78c665781eaed19045b3eaf240b0c519a0549441f5c02b2412
outputs/best_s128/phone_social_scene__sonic_filtered_230713__cellphone_record_sequence_fast_r_001_a428/rollout.npz,1656777,4776ec4907078c2a9439d0057548880057320a637fb16c9be644c40a1eb9e34c
outputs/best_s128/self_touch_discomfort__sonic_filtered_221010__chefs_kiss_r_001_a045/metrics.json,146106,9cc0fce7a38fac05d439cfe71620fad1417779bac71d94a37eceb9108301231f
outputs/best_s128/self_touch_discomfort__sonic_filtered_221010__chefs_kiss_r_001_a045/mpc_command.npz,180085,f80637cd8fc771eec1e0566e1984cb4b17b0ff93e3c78a3a4e7e5bf72ae1eb0f
outputs/best_s128/self_touch_discomfort__sonic_filtered_221010__chefs_kiss_r_001_a045/rollout.npz,251304,f8d07bee6ca39bb124b55501e5866823c8962742d86d725d9dc6f08fceed7384
outputs/best_s128/sports_play__sonic_filtered_240327__play_tennis_r_002_a533/metrics.json,698526,1faaef937ec49b2ec92e3de6114761559490255362e373cbc8d937d3be2ab3da
outputs/best_s128/sports_play__sonic_filtered_240327__play_tennis_r_002_a533/mpc_command.npz,885062,4a9ac51d8fd46c9659430224b408b72d965a2ea7e2b31ddae7963119c9ca00a5
outputs/best_s128/sports_play__sonic_filtered_240327__play_tennis_r_002_a533/rollout.npz,1242729,a58957116a53c6a382e66d5f61b17a7feabe32e632b15a0a65f848e589746018
outputs/best_s128/tool_work_operation__amass_lafan_qingtong_amass_filtered_0_05_40k_segmented_2k_origin_interp10_npz_kit_1347_experiment3_subject1347_wash_leg_position_smallcircles_02_poses_motion_seg2__motion/metrics.json,1100322,f15df2cb03f724e85d0493c62c3f6ae7efbcccd9a240f9f5c73c84446a8fa0a8
outputs/best_s128/tool_work_operation__amass_lafan_qingtong_amass_filtered_0_05_40k_segmented_2k_origin_interp10_npz_kit_1347_experiment3_subject1347_wash_leg_position_smallcircles_02_poses_motion_seg2__motion/mpc_command.npz,1464575,f13620140635d43b3e5b9a175338087d7f2f3151976d54a121ef890fb632c2d2
outputs/best_s128/tool_work_operation__amass_lafan_qingtong_amass_filtered_0_05_40k_segmented_2k_origin_interp10_npz_kit_1347_experiment3_subject1347_wash_leg_position_smallcircles_02_poses_motion_seg2__motion/rollout.npz,2056678,703bd77bad08ccb38150328915b13398bfeaf9dead6259851c261d2f2024762f
outputs/best_s128/tool_work_operation__sonic_filtered_230427__axe_cutting_tree_horizontal_r_004_a355/metrics.json,540980,7c949cbf4a6d30af7ee22c1063c25bd40164ee09d4b138e9d52a2fef4df8fd69
outputs/best_s128/tool_work_operation__sonic_filtered_230427__axe_cutting_tree_horizontal_r_004_a355/mpc_command.npz,711032,d58274dce24a961692030c2f27efbbcf9a845220e3cbafe215f14209812bbaf7
outputs/best_s128/tool_work_operation__sonic_filtered_230427__axe_cutting_tree_horizontal_r_004_a355/rollout.npz,995715,f1fc0bf6485bc3c4ea408a8c2d107ff129af1b9585430ac89194696f122e4139
outputs/best_s128/turn_step_balance__sonic_filtered_220705__step_rotate_reaction_idle_0135_001_a017/metrics.json,2793316,36c7266e9932c3a981abb96c75f1fc12ae18f206f1a723ba83c9c3933108a633
outputs/best_s128/turn_step_balance__sonic_filtered_220705__step_rotate_reaction_idle_0135_001_a017/mpc_command.npz,3722833,e920adb6106dd74b574e7bfde2bb46879df7848c1fb2101ae4a8aa7a9fb11a60
outputs/best_s128/turn_step_balance__sonic_filtered_220705__step_rotate_reaction_idle_0135_001_a017/rollout.npz,5198817,e0725618da0c9c4829e1e4e6321efa6bae67399edd5f2f77557e9d560e5af3b6
outputs/best_s128/vehicle_riding__sonic_filtered_230509__ab_bicycle_001_a359/metrics.json,600195,8ae2a041eb3cf64b3a72728e28b26d1398e57aa77fe774ac5575b4d5116c605c
outputs/best_s128/vehicle_riding__sonic_filtered_230509__ab_bicycle_001_a359/mpc_command.npz,788072,cb200f9b61001cdbdbaf1f8926e90933659f8a0c65042b83921ac10e9e9afab3
outputs/best_s128/vehicle_riding__sonic_filtered_230509__ab_bicycle_001_a359/rollout.npz,1103315,a2c670b190ca6735873b6f923d0ebcdd88d53f1fbce2decba0cde6abbc46426d
outputs/no_mpc_baseline/acrobatics_parkour__sonic_filtered_230509__burpee_001_a359/metrics.json,2108,c16bbbc4bf95c25300108edaeb0861fe96c29d41f9846ac13b1f390583d43161
outputs/no_mpc_baseline/acrobatics_parkour__sonic_filtered_230509__burpee_001_a359/rollout.npz,1214351,54d2bcae89e0064afb6a545e881b4393df5d67fd1013ca6924b1ab7e0b6634d2
outputs/no_mpc_baseline/animal_insect_interaction__sonic_filtered_231110__big_fish_catch_r_002_a500/metrics.json,2087,361911a3c18d3e047796b02fbb2c683a70b8780f68e77426503b565a113c7bb3
outputs/no_mpc_baseline/animal_insect_interaction__sonic_filtered_231110__big_fish_catch_r_002_a500/rollout.npz,2542836,6d19093c1b06f428985bf8980ca40d785339b650e04760e48c3848bd2eab6e4a
outputs/no_mpc_baseline/carrying_relocation__sonic_filtered_231120__big_heavy_one_hand_behind_high_to_behind_high_r_001_a524/metrics.json,2107,1218f7023d53ea5d9ae04414d2094cafbbedb0352284439fdedc9174c663858f
outputs/no_mpc_baseline/carrying_relocation__sonic_filtered_231120__big_heavy_one_hand_behind_high_to_behind_high_r_001_a524/rollout.npz,1175743,ed58ec4bb458b404fb357b71378f3b47695dc5107d864e06e01e02ee57dcc77f
outputs/no_mpc_baseline/combat_defense_threat__amass_lafan_qingtong_lafan_qingtong__fight1_subject3_612_680/metrics.json,2075,b416ba6b06f9be910c3e1a192fb61a69978fc49e4edf934495c3bf43edb2c5b2
outputs/no_mpc_baseline/combat_defense_threat__amass_lafan_qingtong_lafan_qingtong__fight1_subject3_612_680/rollout.npz,326348,96048391298a4d50845fb90828170eb3af1009939707e2e203f03b47f7a9e8a2
outputs/no_mpc_baseline/combat_defense_threat__sonic_filtered_211117__relaxed_kick_trash_001_a057/metrics.json,2091,6940499e636d423c1b65854ed7a02bbd850ebc51c1c7120b776f4240834e6acb
outputs/no_mpc_baseline/combat_defense_threat__sonic_filtered_211117__relaxed_kick_trash_001_a057/rollout.npz,989808,dc39bd69a49496cce2e772bc89ff651c17a665c5853c521ac5c71869b342ccd7
outputs/no_mpc_baseline/crawl_climb__sonic_filtered_230119__change_idle_crawl_to_idle_crawl_right_001_a125/metrics.json,2142,98c2c6a5a4d276e43203f9edf7c6e2369aa82e85100a2bd3e354351f42d8302b
outputs/no_mpc_baseline/crawl_climb__sonic_filtered_230119__change_idle_crawl_to_idle_crawl_right_001_a125/rollout.npz,417356,bf51a751f88c9206b4ae8e0cab18f5b4834820e076b17082ad98e59445843649
outputs/no_mpc_baseline/dance__amass_lafan_qingtong_amass_filtered_0_05_40k_segmented_2k_origin_interp10_npz_dancedb_20120805_vasoaristeidou_vaso_aristeidou_zeimpekiko_v1_poses_motion_seg2__motion/metrics.json,2201,28881af1f222b92f2d22b86db4da17dc1c36d458f21f00794010e71d5af103d2
outputs/no_mpc_baseline/dance__amass_lafan_qingtong_amass_filtered_0_05_40k_segmented_2k_origin_interp10_npz_dancedb_20120805_vasoaristeidou_vaso_aristeidou_zeimpekiko_v1_poses_motion_seg2__motion/rollout.npz,3230072,1de769d4daffa0d2a5d438404945b0e2d380c78644f049dffff72f3d04797ab6
outputs/no_mpc_baseline/dance__sonic_filtered_230411__dance_basic_chaines_180_r_001_a306/metrics.json,2100,85383fe6ec78a1e39e9c188f737cde4c474e322787b056d74b234aa0caa45006
outputs/no_mpc_baseline/dance__sonic_filtered_230411__dance_basic_chaines_180_r_001_a306/rollout.npz,395128,973faa4f5f680c9e862f9cfeae1f8c2e0069cbb8a2d5b9c58d63421a1c19c452
outputs/no_mpc_baseline/exercise_stretch_warmup__sonic_filtered_220720__body_stretch_1_001_a029/metrics.json,2085,903064da3f642517bf0d618aabe13410189faae4461a66cf713c7f068b2a301b
outputs/no_mpc_baseline/exercise_stretch_warmup__sonic_filtered_220720__body_stretch_1_001_a029/rollout.npz,1624734,4a24dc38f6c5de3a9aa468a93f23c00458dde5aaecd82436423873b5f4468157
outputs/no_mpc_baseline/gesture_emotion_social__amass_lafan_qingtong_amass_filtered_0_05_40k_segmented_2k_origin_interp10_npz_accad_female1gestures_c3d_d3_conversation_gestures_poses_motion_seg2__motion/metrics.json,2191,4199cc3f7f4fd7b6cbbf89a42ab60d2addf9341f163eb93d936e73f80c0cca17
outputs/no_mpc_baseline/gesture_emotion_social__amass_lafan_qingtong_amass_filtered_0_05_40k_segmented_2k_origin_interp10_npz_accad_female1gestures_c3d_d3_conversation_gestures_poses_motion_seg2__motion/rollout.npz,2558704,42babde7b4d770160bf02daf868ef0540cf966b61b798268355c66f3c112fbc1
outputs/no_mpc_baseline/gesture_emotion_social__sonic_filtered_230103__alone_006_a097/metrics.json,1989,9872a424db3fc580dc76d6907bdce4565ca086e84083e688acc52c776169fc43
outputs/no_mpc_baseline/gesture_emotion_social__sonic_filtered_230103__alone_006_a097/rollout.npz,593683,482a39e9667bd4b9fbe5f74969b1f2c6c3ce694c176e64792d55e08d9288dc8d
outputs/no_mpc_baseline/idle_pose_transition__amass_lafan_qingtong_amass_filtered_0_05_40k_segmented_2k_origin_interp10_npz_biomotionlab_ntroje_rub029_0031_rom_poses_motion_seg2__motion/metrics.json,2169,139a1b6f25e75efea37bbc551e64fdcb85f2e543fabddf532598d0673f3e4a14
outputs/no_mpc_baseline/idle_pose_transition__amass_lafan_qingtong_amass_filtered_0_05_40k_segmented_2k_origin_interp10_npz_biomotionlab_ntroje_rub029_0031_rom_poses_motion_seg2__motion/rollout.npz,2884096,605d6ee966198b4c6428895f0d4180270c1f1af61130d361147a99b51be19ba0
outputs/no_mpc_baseline/jump_hop__sonic_filtered_220705__jump_002_a017/metrics.json,2082,5a99593a90bb7b696809b0a035cf0cea58cf5df94317531dd899ff4ff368fb70
outputs/no_mpc_baseline/jump_hop__sonic_filtered_220705__jump_002_a017/rollout.npz,3721687,8f776ae5b3c746086460dbc7645b8f9cc07fab01ff51877cd1ff5b40e37b1c5e
outputs/no_mpc_baseline/locomotion_run_jog_sprint__amass_lafan_qingtong_amass_filtered_0_05_40k_segmented_2k_origin_interp10_npz_biomotionlab_ntroje_rub006_0024_scamper_poses_motion_seg2__motion/metrics.json,2167,d00c87f2325a5f01791a2dfd3e4b05b25a2c2aa9da7ff3ac4ec894c5f0d3186b
outputs/no_mpc_baseline/locomotion_run_jog_sprint__amass_lafan_qingtong_amass_filtered_0_05_40k_segmented_2k_origin_interp10_npz_biomotionlab_ntroje_rub006_0024_scamper_poses_motion_seg2__motion/rollout.npz,2683822,45c52bbc33ab2655f438e361aa649b0fc931d5b7a869e5cc1452d4b69cf82299
outputs/no_mpc_baseline/mechanical_operation__sonic_filtered_231115__door_knob_right_side_peep_r_001_a512/metrics.json,2094,344683186b3c88fa7e3dc84a0231d2a887580fba14796845574dcbcaeab2e9c8
outputs/no_mpc_baseline/mechanical_operation__sonic_filtered_231115__door_knob_right_side_peep_r_001_a512/rollout.npz,555048,0ac0bd8a7e68d126a0d50fd77cb3ea0b092eba0c6f5756df2373f73361f222a2
outputs/no_mpc_baseline/music_performance__sonic_filtered_231004__catch_playing_r_003_a456/metrics.json,1994,eded913c78cecae94313ecff45c95b34c99300d4d1fa63bcaddcca32bcdbdec4
outputs/no_mpc_baseline/music_performance__sonic_filtered_231004__catch_playing_r_003_a456/rollout.npz,1735304,a7b8c28a540b5717537e1e667d0584c83e1e667b51c4d21d69650a461511e7bb
outputs/no_mpc_baseline/object_interaction_daily__sonic_filtered_231005__avoid_bump_push_r_003_a460/metrics.json,2080,fbcf6bedc9ee1d6a6274d8d216a58c39eb88e104a8c49256ac97e0c2adca632d
outputs/no_mpc_baseline/object_interaction_daily__sonic_filtered_231005__avoid_bump_push_r_003_a460/rollout.npz,1112377,8c1b6a5ed756d4cc54be7099dcf5d8289d47a3a32f2069f29198fb88224034ac
outputs/no_mpc_baseline/other_or_uncategorized__amass_lafan_qingtong_amass_filtered_0_05_40k_segmented_2k_origin_interp10_npz_cmu_06_06_13_poses_motion_seg2__motion/metrics.json,2149,62d7226e0d2ec977703d668bf0e85ac9f72f8f1ab58ed47cbb9e570d0980457f
outputs/no_mpc_baseline/other_or_uncategorized__amass_lafan_qingtong_amass_filtered_0_05_40k_segmented_2k_origin_interp10_npz_cmu_06_06_13_poses_motion_seg2__motion/rollout.npz,2076264,78ec59decd320293d1e968b7867c91fec10259cf021f0a5a3b460ea53979ecc8
outputs/no_mpc_baseline/other_or_uncategorized__sonic_filtered_231117__rom_box_01_box_02_box_03_box_04_002_a520/metrics.json,2019,9fc40b3be89a7c585d7748a990b33823409f18a1b307ff08c9aa8ceb892bef81
outputs/no_mpc_baseline/other_or_uncategorized__sonic_filtered_231117__rom_box_01_box_02_box_03_box_04_002_a520/rollout.npz,668842,0511a8a0e6d00e1831f72b6815aaf3f0366ddb3f1ea5b5a4622f9359b70443e6
outputs/no_mpc_baseline/phone_social_scene__sonic_filtered_230713__cellphone_record_sequence_fast_r_001_a428/metrics.json,2089,56cba5a5b4486c3cf09786ac945ab1b29e3db76b4ab8220f4353182b3ff16c71
outputs/no_mpc_baseline/phone_social_scene__sonic_filtered_230713__cellphone_record_sequence_fast_r_001_a428/rollout.npz,1655824,348bfd715beed467d9187fd2ac06ab9235ae70c5a77a16cb4f1610b0b737c450
outputs/no_mpc_baseline/self_touch_discomfort__sonic_filtered_221010__chefs_kiss_r_001_a045/metrics.json,1994,338ed96765a36a22444782a0712875004234573cbb6b680f80da197249dbeb76
outputs/no_mpc_baseline/self_touch_discomfort__sonic_filtered_221010__chefs_kiss_r_001_a045/rollout.npz,251286,e75966e61ae812e2e53265bd13892e9058133ca622f210cd542463d087fb6b9f
outputs/no_mpc_baseline/sports_play__sonic_filtered_240327__play_tennis_r_002_a533/metrics.json,2081,b4bbebd54c3a8eb132e979cb47eca361f7e81ab6e730d036bc372ede7f98e997
outputs/no_mpc_baseline/sports_play__sonic_filtered_240327__play_tennis_r_002_a533/rollout.npz,1238175,583bb3e16e5bc5558228a6b0e12997db28507e96f13ba11d70279ef50157f9e8
outputs/no_mpc_baseline/tool_work_operation__amass_lafan_qingtong_amass_filtered_0_05_40k_segmented_2k_origin_interp10_npz_kit_1347_experiment3_subject1347_wash_leg_position_smallcircles_02_poses_motion_seg2__motion/metrics.json,2205,13b006db197ef9da6c9e50c47be5db7c859ca05c5f901c4c2b22f31784134f4a
outputs/no_mpc_baseline/tool_work_operation__amass_lafan_qingtong_amass_filtered_0_05_40k_segmented_2k_origin_interp10_npz_kit_1347_experiment3_subject1347_wash_leg_position_smallcircles_02_poses_motion_seg2__motion/rollout.npz,2020080,1a5f8bd1d9aaa0ff6c69b37f6c5d9038091bd7ff7cba3fbede6df6e92c7d21aa
outputs/no_mpc_baseline/tool_work_operation__sonic_filtered_230427__axe_cutting_tree_horizontal_r_004_a355/metrics.json,2093,d9d5162f9b890334c8e0364682c64c5758620bf296b36c6e0adcbdc076f4211b
outputs/no_mpc_baseline/tool_work_operation__sonic_filtered_230427__axe_cutting_tree_horizontal_r_004_a355/rollout.npz,996244,7c4af1ecbe852448703ac35fe1471ad699c23780a44221d91de78a34322c8f68
outputs/no_mpc_baseline/turn_step_balance__sonic_filtered_220705__step_rotate_reaction_idle_0135_001_a017/metrics.json,2095,d2ec8f4b6b3e7c35ee9b36cfa86d1bb874baf4e276e2658d0890c67b2155a386
outputs/no_mpc_baseline/turn_step_balance__sonic_filtered_220705__step_rotate_reaction_idle_0135_001_a017/rollout.npz,5193166,263f31f371a6326bec0ebbc5551429b5b4ee3be4105a5566b63d54099d7bfbb2
outputs/no_mpc_baseline/vehicle_riding__sonic_filtered_230509__ab_bicycle_001_a359/metrics.json,2105,2372b8296dfec9b3f795c8230265afe562c1c3d966a9485dfd26978efe2b58b9
outputs/no_mpc_baseline/vehicle_riding__sonic_filtered_230509__ab_bicycle_001_a359/rollout.npz,1100499,988acf48e999119bad6d131bef5c9aa146ecba3823ec5337c7288f018dc6856e
outputs/sweetpoint/acrobatics_parkour__sonic_filtered_230509__burpee_001_a359/metrics.json,687264,a64e886542233161bc9eb9d4d6dbcd28cdc7d5638f95a5fbac749ff302df5134
outputs/sweetpoint/acrobatics_parkour__sonic_filtered_230509__burpee_001_a359/mpc_command.npz,869492,b3ca34bfdc908e94e4790b64dca17d1e4234d2d199a117c95bfe3c19cc729074
outputs/sweetpoint/acrobatics_parkour__sonic_filtered_230509__burpee_001_a359/rollout.npz,1214105,309565baf5394dd9e04122e722845be4d83d21af494cd6ff0a519d7cc6a52e58
outputs/sweetpoint/animal_insect_interaction__sonic_filtered_231110__big_fish_catch_r_002_a500/metrics.json,1423554,dfa62ac413bed58a97711d91dd2bdb2b2b4c7d408d0af4e5d3067b9a74249bfe
outputs/sweetpoint/animal_insect_interaction__sonic_filtered_231110__big_fish_catch_r_002_a500/mpc_command.npz,1811802,8f8e4ee60405ce9edb9df8519c496063530db5de2cdd816ffef88a70483ecc16
outputs/sweetpoint/animal_insect_interaction__sonic_filtered_231110__big_fish_catch_r_002_a500/rollout.npz,2543093,025cf8c100d8aef58d5e26c48e3a3afe11b8f4ad31651a06c36f5dfdf5fea932
outputs/sweetpoint/carrying_relocation__sonic_filtered_231120__big_heavy_one_hand_behind_high_to_behind_high_r_001_a524/metrics.json,648559,8aaf8f3d630c9b13f85af146b860e22df0cd33d5167f7e0fdc71360f5f6c13a7
outputs/sweetpoint/carrying_relocation__sonic_filtered_231120__big_heavy_one_hand_behind_high_to_behind_high_r_001_a524/mpc_command.npz,845601,774cd2eed2cef11f939eed4ad35c2bdb1ab997f2554004b06f86654f5a3fc1a0
outputs/sweetpoint/carrying_relocation__sonic_filtered_231120__big_heavy_one_hand_behind_high_to_behind_high_r_001_a524/rollout.npz,1179646,282b2e42d0ce7f86112b18a39d27737acfd98ae62a327cd6312698788b050411
outputs/sweetpoint/combat_defense_threat__amass_lafan_qingtong_lafan_qingtong__fight1_subject3_612_680/metrics.json,200863,7d4c6b0b2559c93ef545bf44e26ab5c6bcee4662ce7823d6b0c4bcab597881d2
outputs/sweetpoint/combat_defense_threat__amass_lafan_qingtong_lafan_qingtong__fight1_subject3_612_680/mpc_command.npz,234183,965099866eb72c02f33bd5b870c05d3e11ccfbed823f60c93e85484bc24e779b
outputs/sweetpoint/combat_defense_threat__amass_lafan_qingtong_lafan_qingtong__fight1_subject3_612_680/rollout.npz,326024,a9560f7c321389ae7ecf6f2c87d90fa4c574138d8dbb44a9ebd663a0636577c3
outputs/sweetpoint/combat_defense_threat__sonic_filtered_211117__relaxed_kick_trash_001_a057/metrics.json,562020,05fdd40dcd132bf8974f8ed7500dd06876216d6af21c531897bb43578c336a02
outputs/sweetpoint/combat_defense_threat__sonic_filtered_211117__relaxed_kick_trash_001_a057/mpc_command.npz,712266,f5e8bacc5e8a654e330d206a1e2f0193521d263e16e1062b6549578301132fd6
outputs/sweetpoint/combat_defense_threat__sonic_filtered_211117__relaxed_kick_trash_001_a057/rollout.npz,990324,64d400da020db2a4098f813bc0bc63c4094f9dd38c06365c66ba2e607690769c
outputs/sweetpoint/crawl_climb__sonic_filtered_230119__change_idle_crawl_to_idle_crawl_right_001_a125/metrics.json,229895,547649a01d05baab5602636a1d97e8a00516c4f99213245f236fe335eae54475
outputs/sweetpoint/crawl_climb__sonic_filtered_230119__change_idle_crawl_to_idle_crawl_right_001_a125/mpc_command.npz,299968,c74101b794896f1ae5dcd9a774384b817d6570b533f579a42983979b9b0a176c
outputs/sweetpoint/crawl_climb__sonic_filtered_230119__change_idle_crawl_to_idle_crawl_right_001_a125/rollout.npz,418019,3f3d8dc4741d1e70c60d2ef6f101875d215a0952cf4654b2b2004a18a772f372
outputs/sweetpoint/dance__amass_lafan_qingtong_amass_filtered_0_05_40k_segmented_2k_origin_interp10_npz_dancedb_20120805_vasoaristeidou_vaso_aristeidou_zeimpekiko_v1_poses_motion_seg2__motion/metrics.json,1824794,02724a6a06ff760fe6d80ddc3bd6e90aeb790f7b9e58d580fab9b3033a9f0519
outputs/sweetpoint/dance__amass_lafan_qingtong_amass_filtered_0_05_40k_segmented_2k_origin_interp10_npz_dancedb_20120805_vasoaristeidou_vaso_aristeidou_zeimpekiko_v1_poses_motion_seg2__motion/mpc_command.npz,2318643,9de5a17487e33702d326ffb3313a937379536f1bf1e6c79091e5e24142401b7e
outputs/sweetpoint/dance__amass_lafan_qingtong_amass_filtered_0_05_40k_segmented_2k_origin_interp10_npz_dancedb_20120805_vasoaristeidou_vaso_aristeidou_zeimpekiko_v1_poses_motion_seg2__motion/rollout.npz,3234339,ef533e11adb0577a15272f59933de7d4166ac03d1d2b876a1f9072ef353df152
outputs/sweetpoint/dance__sonic_filtered_230411__dance_basic_chaines_180_r_001_a306/metrics.json,241603,5a10801bf75daa227a47288a45deb69b3acad62bc3d42dc5bc70c52d4a6f23fd
outputs/sweetpoint/dance__sonic_filtered_230411__dance_basic_chaines_180_r_001_a306/mpc_command.npz,285634,fde5c4b87d90cf34fb0dc93f7a12d6f295e10ea5d0f24c21732fda3967281046
outputs/sweetpoint/dance__sonic_filtered_230411__dance_basic_chaines_180_r_001_a306/rollout.npz,395589,0dfeecbef6e6cc44e11dacca57fff5efe65fca39e080fe3610a5c677fe0e03f9
outputs/sweetpoint/exercise_stretch_warmup__sonic_filtered_220720__body_stretch_1_001_a029/metrics.json,900655,c96030bd744633ee1ddd33c58ca1287aa7905386e4344c383745d2c006e3dc38
outputs/sweetpoint/exercise_stretch_warmup__sonic_filtered_220720__body_stretch_1_001_a029/mpc_command.npz,1162721,c925c27830ecc9c6b703b1bdff5b93dd015870eee5079864d5b0245fec2d2ff4
outputs/sweetpoint/exercise_stretch_warmup__sonic_filtered_220720__body_stretch_1_001_a029/rollout.npz,1629129,f0f0c72962c6607cc3dbcf16829c18721120e5e7fe9042277cddb9d06fa89e70
outputs/sweetpoint/gesture_emotion_social__amass_lafan_qingtong_amass_filtered_0_05_40k_segmented_2k_origin_interp10_npz_accad_female1gestures_c3d_d3_conversation_gestures_poses_motion_seg2__motion/metrics.json,1392357,8f18181b0075982e4d05d97a7d43f337a1e95b684f4ea692d2863bcaebf00948
outputs/sweetpoint/gesture_emotion_social__amass_lafan_qingtong_amass_filtered_0_05_40k_segmented_2k_origin_interp10_npz_accad_female1gestures_c3d_d3_conversation_gestures_poses_motion_seg2__motion/mpc_command.npz,1831944,8c130d66daf90be4eb98f7b8a8e071929e84d08818946588a24124ec03e083bd
outputs/sweetpoint/gesture_emotion_social__amass_lafan_qingtong_amass_filtered_0_05_40k_segmented_2k_origin_interp10_npz_accad_female1gestures_c3d_d3_conversation_gestures_poses_motion_seg2__motion/rollout.npz,2561069,e8d5396d070401c288e9a55ef4953cde3e4b912859d60952b6c3572d0b41f8f2
outputs/sweetpoint/gesture_emotion_social__sonic_filtered_230103__alone_006_a097/metrics.json,333947,d91b6b52f1da9d4263e5ae1b9a5909d511f8cbada4d99b41a3f3719dbeccb004
outputs/sweetpoint/gesture_emotion_social__sonic_filtered_230103__alone_006_a097/mpc_command.npz,425718,f0d3a63efed2f8d33db81b76afcb2bcab0ed116cc83d3774dd0cf13cb28b1530
outputs/sweetpoint/gesture_emotion_social__sonic_filtered_230103__alone_006_a097/rollout.npz,593782,db885ad8833b294d5012f37e68f64d9d6f8e9446689df9422331686c340e819f
outputs/sweetpoint/idle_pose_transition__amass_lafan_qingtong_amass_filtered_0_05_40k_segmented_2k_origin_interp10_npz_biomotionlab_ntroje_rub029_0031_rom_poses_motion_seg2__motion/metrics.json,1600407,0cccfb4499f31848341efe092ba1a28a8460530f3bee98ea8308425c24f89faf
outputs/sweetpoint/idle_pose_transition__amass_lafan_qingtong_amass_filtered_0_05_40k_segmented_2k_origin_interp10_npz_biomotionlab_ntroje_rub029_0031_rom_poses_motion_seg2__motion/mpc_command.npz,2071646,5e87b6eb96dac0e306cbe8238fe7eff821466478c585d964a86d3c571fce63c0
outputs/sweetpoint/idle_pose_transition__amass_lafan_qingtong_amass_filtered_0_05_40k_segmented_2k_origin_interp10_npz_biomotionlab_ntroje_rub029_0031_rom_poses_motion_seg2__motion/rollout.npz,2884807,513ca7f6b39c80ae67f250895e102f9c63cfa4f03088a912fcf427bd4454edb5
outputs/sweetpoint/jump_hop__sonic_filtered_220705__jump_002_a017/metrics.json,2051108,519d1dcba3e2f047988e9d26b2086608144760588809f204abaffa66782b6d5a
outputs/sweetpoint/jump_hop__sonic_filtered_220705__jump_002_a017/mpc_command.npz,2668380,4e32029f83d51930155bd9548f0072eeb931fbd3b8bb45458991d7636f3bcc49
outputs/sweetpoint/jump_hop__sonic_filtered_220705__jump_002_a017/rollout.npz,3721485,b35106c483678ed365d4090382996f3bf89f22bd7dd07320424f6d90d560ea47
outputs/sweetpoint/locomotion_run_jog_sprint__amass_lafan_qingtong_amass_filtered_0_05_40k_segmented_2k_origin_interp10_npz_biomotionlab_ntroje_rub006_0024_scamper_poses_motion_seg2__motion/metrics.json,1472985,b99169ef4e1fe27708876d96137bf804bee074e93cde0cb20c286ae6208a53ed
outputs/sweetpoint/locomotion_run_jog_sprint__amass_lafan_qingtong_amass_filtered_0_05_40k_segmented_2k_origin_interp10_npz_biomotionlab_ntroje_rub006_0024_scamper_poses_motion_seg2__motion/mpc_command.npz,1910299,23ef83f8e9a93e9059449970b7b7ef027b15b2b171edf749fbee8b9524f3b203
outputs/sweetpoint/locomotion_run_jog_sprint__amass_lafan_qingtong_amass_filtered_0_05_40k_segmented_2k_origin_interp10_npz_biomotionlab_ntroje_rub006_0024_scamper_poses_motion_seg2__motion/rollout.npz,2682540,8c48ae10c5421e262863c72fadaef1be2e4c5febd8e6aeb5328000aceee5123e
outputs/sweetpoint/mechanical_operation__sonic_filtered_231115__door_knob_right_side_peep_r_001_a512/metrics.json,319762,6d58f1d6241c20263bc4be2c7349a849e8ca62d808757280b58984984de978a9
outputs/sweetpoint/mechanical_operation__sonic_filtered_231115__door_knob_right_side_peep_r_001_a512/mpc_command.npz,398508,ab74487a1a61daadf64dc553470017f05ac06688551e93749a70f2f7860fb665
outputs/sweetpoint/mechanical_operation__sonic_filtered_231115__door_knob_right_side_peep_r_001_a512/rollout.npz,555109,eafaf052bb2ba7c3b23f26f566bc26e43c13f41423ca0aac7a817218095852b0
outputs/sweetpoint/music_performance__sonic_filtered_231004__catch_playing_r_003_a456/metrics.json,925868,68e35168b65c7325d3200dd8263b586e0e3f0c8223ee18b31590fbe2b155e4d8
outputs/sweetpoint/music_performance__sonic_filtered_231004__catch_playing_r_003_a456/mpc_command.npz,1244770,3f5ccac88afa3f006ab94a7a3f2706cc0b6845ef9dd647d7c8f01e9b3eb01bcb
outputs/sweetpoint/music_performance__sonic_filtered_231004__catch_playing_r_003_a456/rollout.npz,1735940,34fba30097653c0bea37649c4f11d4d73739609780b696915ba8f357cdb03402
outputs/sweetpoint/object_interaction_daily__sonic_filtered_231005__avoid_bump_push_r_003_a460/metrics.json,636655,9069119d578366b13844546b1ef4de7a20156824a9c6a9d0853ef8dd30cdcb4a
outputs/sweetpoint/object_interaction_daily__sonic_filtered_231005__avoid_bump_push_r_003_a460/mpc_command.npz,797231,993af923893602ee351fa5bedfecabddeb77d667fe48d78ad9a4f0a569cb8d78
outputs/sweetpoint/object_interaction_daily__sonic_filtered_231005__avoid_bump_push_r_003_a460/rollout.npz,1112728,44afbf63520fe4964f6010a084bf99f896b413a05dd2c1521fe2520e314ea11d
outputs/sweetpoint/other_or_uncategorized__amass_lafan_qingtong_amass_filtered_0_05_40k_segmented_2k_origin_interp10_npz_cmu_06_06_13_poses_motion_seg2__motion/metrics.json,1192077,e32fe4239b97c18de6064d5787887eb62e216719651970957d13664f4bcfbd7c
outputs/sweetpoint/other_or_uncategorized__amass_lafan_qingtong_amass_filtered_0_05_40k_segmented_2k_origin_interp10_npz_cmu_06_06_13_poses_motion_seg2__motion/mpc_command.npz,1493701,5a3e8b2a5505baf5229ba1d88806d64e47309d15fc9866e7aec95c866fae4139
outputs/sweetpoint/other_or_uncategorized__amass_lafan_qingtong_amass_filtered_0_05_40k_segmented_2k_origin_interp10_npz_cmu_06_06_13_poses_motion_seg2__motion/rollout.npz,2080326,3b2e1c32ac820f924e004ded53bf5e1eb020261eb8e46f0f784c21806688f557
outputs/sweetpoint/other_or_uncategorized__sonic_filtered_231117__rom_box_01_box_02_box_03_box_04_002_a520/metrics.json,372561,48c7d17b7a5c6c95ebecc672803f15a9dd9dd8e0a16ffe0513634ae4b52985e4
outputs/sweetpoint/other_or_uncategorized__sonic_filtered_231117__rom_box_01_box_02_box_03_box_04_002_a520/mpc_command.npz,480360,33a2659cf447e2628e6015025dbc483a6418b630bb4c53e7017131fa0f502661
outputs/sweetpoint/other_or_uncategorized__sonic_filtered_231117__rom_box_01_box_02_box_03_box_04_002_a520/rollout.npz,669106,d9f25cbcf12d418d3a597afe577df5f372d78e5e0fd8641fdd152cc338324f8f
outputs/sweetpoint/phone_social_scene__sonic_filtered_230713__cellphone_record_sequence_fast_r_001_a428/metrics.json,940430,1f1bdbb5bedc1e296889b7d764f5dcbdeb1fe288081dc6d3c587539b01e7dfb5
outputs/sweetpoint/phone_social_scene__sonic_filtered_230713__cellphone_record_sequence_fast_r_001_a428/mpc_command.npz,1181603,72a3309c190420941637986f0e209b05069581288ba64781b825c246444c0aed
outputs/sweetpoint/phone_social_scene__sonic_filtered_230713__cellphone_record_sequence_fast_r_001_a428/rollout.npz,1655882,2713c0f55a6de1a801e47c1b1f25ea5cc00967db66bb5e0e1a6b2fdc2aea505c
outputs/sweetpoint/self_touch_discomfort__sonic_filtered_221010__chefs_kiss_r_001_a045/metrics.json,147858,796d2f5d6da8825e584bc014c5fd1a6e5596367803cc244c28c9eec8994a83a7
outputs/sweetpoint/self_touch_discomfort__sonic_filtered_221010__chefs_kiss_r_001_a045/mpc_command.npz,181338,7c6ad23c64ed8a32e1d00ee75c98dc1d54e60c0556569b93dae168c49430a143
outputs/sweetpoint/self_touch_discomfort__sonic_filtered_221010__chefs_kiss_r_001_a045/rollout.npz,251292,b965cb89b6dc6cd1e39495a4f2a2309a5a3bb46fe5b062dfa912df0108f1c84e
outputs/sweetpoint/sports_play__sonic_filtered_240327__play_tennis_r_002_a533/metrics.json,704442,38350ee9a8fa05b27169f185423fb6c43055ac662e1c6b5002371f11ae2486e4
outputs/sweetpoint/sports_play__sonic_filtered_240327__play_tennis_r_002_a533/mpc_command.npz,885545,1509edde599de8c8180a9030af4b403f00d0744f1bdf3bfc369af49bb9c1719e
outputs/sweetpoint/sports_play__sonic_filtered_240327__play_tennis_r_002_a533/rollout.npz,1243291,0790e95fbd417951e42eb43842c97f501bed8f4e2ebf817f5145d85646da1502
outputs/sweetpoint/tool_work_operation__amass_lafan_qingtong_amass_filtered_0_05_40k_segmented_2k_origin_interp10_npz_kit_1347_experiment3_subject1347_wash_leg_position_smallcircles_02_poses_motion_seg2__motion/metrics.json,1116700,cdaab7a95c908f25f319429b66b7704cfd81af605316b5398985b2304475b64a
outputs/sweetpoint/tool_work_operation__amass_lafan_qingtong_amass_filtered_0_05_40k_segmented_2k_origin_interp10_npz_kit_1347_experiment3_subject1347_wash_leg_position_smallcircles_02_poses_motion_seg2__motion/mpc_command.npz,1459032,4bf99ed88fc036b148b250d6edb8363bf131b52dea164172272f79f2beab2853
outputs/sweetpoint/tool_work_operation__amass_lafan_qingtong_amass_filtered_0_05_40k_segmented_2k_origin_interp10_npz_kit_1347_experiment3_subject1347_wash_leg_position_smallcircles_02_poses_motion_seg2__motion/rollout.npz,2050065,771017018f80a8f3cc02d3b50177a755a123f0f7cae65cb457e5a7bf0ad67e0b
outputs/sweetpoint/tool_work_operation__sonic_filtered_230427__axe_cutting_tree_horizontal_r_004_a355/metrics.json,546114,c64370ed3ab4d4dd161c24b2ad140a6dcbbeb14fe1d9689aeedfd5fee0a0be22
outputs/sweetpoint/tool_work_operation__sonic_filtered_230427__axe_cutting_tree_horizontal_r_004_a355/mpc_command.npz,711699,c5439d994e78b6e849efa33e985019e80f72cf28091f827a1185accb2c17e6e5
outputs/sweetpoint/tool_work_operation__sonic_filtered_230427__axe_cutting_tree_horizontal_r_004_a355/rollout.npz,996379,d91eed345c19b38f7a6a06d96c477c24bdf7b9c2f7be79ac15002c8520fcdfa1
outputs/sweetpoint/turn_step_balance__sonic_filtered_220705__step_rotate_reaction_idle_0135_001_a017/metrics.json,2835598,34dba15c146c91171f75784ff4d533bd3d03ca49c3b60f7134d2cdda67234d97
outputs/sweetpoint/turn_step_balance__sonic_filtered_220705__step_rotate_reaction_idle_0135_001_a017/mpc_command.npz,3721325,658c32f9a34f595a6b71380f326480b913deef57f65ddb423a26ee9d378bcc66
outputs/sweetpoint/turn_step_balance__sonic_filtered_220705__step_rotate_reaction_idle_0135_001_a017/rollout.npz,5196190,80a989ff6b6ecaafaa45cfa47cdb7f65ba17ace716ebf4d27f96b01d57a53dc1
outputs/sweetpoint/vehicle_riding__sonic_filtered_230509__ab_bicycle_001_a359/metrics.json,605972,968ba942a34849b674e057b810f286d2d62950084c1c15746acbc11cd058e7d1
outputs/sweetpoint/vehicle_riding__sonic_filtered_230509__ab_bicycle_001_a359/mpc_command.npz,787326,88678a57a5ce8f28c3b33700b88974d3a0913c2745a7352df69b2eb06bd854f8
outputs/sweetpoint/vehicle_riding__sonic_filtered_230509__ab_bicycle_001_a359/rollout.npz,1102542,0568dbbbdc62fee68f76d983d4bb66913ca138ced3aca3c97c5c2a65f7f99093
videos/manifest.csv,7,24526432f951ea86e61db71a2c7df058d690643d1792c6525c784823544d3c03
